page,text_len,table_count,text_records,header_sig
5,3413,2,0,
7,791,0,0,"WATER,PROTCNT,ASH,FATCE,FIBTG,FIBINS,FIBSOL,CHOAVLDF,ENERC"
8,5270,0,0,
9,2955,0,0,
10,4014,0,0,"WATER,PROTCNT,ASH,FATCE,FIBTG,FIBINS,FIBSOL,CHOAVLDF,ENERC"
11,4016,0,0,"THIA,RIBF,NIA,PANTAC,VITB6C,BIOT,FOLSUM,VITC"
12,5773,0,0,"THIA,RIBF,NIA,PANTAC,VITB6C,BIOT,FOLSUM,VITC"
13,5900,0,0,"WATER,PROTCNT,ASH,FATCE,FIBTG,FIBINS,FIBSOL,CHOAVLDF,ENERC"
14,5884,0,0,"WATER,PROTCNT,ASH,FATCE,FIBTG,FIBINS,FIBSOL,CHOAVLDF,ENERC"
15,5787,0,0,"WATER,PROTCNT,ASH,FATCE,FIBTG,FIBINS,FIBSOL,CHOAVLDF,ENERC"
16,5093,0,0,
17,4690,0,0,
18,4594,0,0,
20,4882,0,0,"WATER,PROTCNT,ASH,FATCE,FIBTG,FIBINS,FIBSOL,CHOAVLDF,ENERC"
24,5754,0,0,"CA,FE,ZN,NA,K,P,MG"
25,2572,0,0,"CA,FE,ZN,NA,K,P,MG"
27,4576,3,0,"THIA,RIBF,NIA,PANTAC,VITB6C,BIOT,FOLSUM,VITC"
28,3449,0,0,"THIA,RIBF,NIA,PANTAC,VITB6C,BIOT,FOLSUM,VITC"
29,5394,0,0,
32,4673,0,0,
33,5112,1,0,
34,5215,0,0,
35,5114,2,0,
36,5248,0,0,
37,1187,0,0,
38,1960,0,0,
41,2643,0,17,"WATER,PROTCNT,ASH,FATCE,FIBTG,FIBINS,FIBSOL,CHOAVLDF,ENERC"
42,2662,0,19,"WATER,PROTCNT,ASH,FATCE,FIBTG,FIBINS,FIBSOL,CHOAVLDF,ENERC"
43,2497,0,16,"WATER,PROTCNT,ASH,FATCE,FIBTG,FIBINS,FIBSOL,CHOAVLDF,ENERC"
44,2589,0,14,"WATER,PROTCNT,ASH,FATCE,FIBTG,FIBINS,FIBSOL,CHOAVLDF,ENERC"
45,2512,0,13,"WATER,PROTCNT,ASH,FATCE,FIBTG,FIBINS,FIBSOL,CHOAVLDF,ENERC"
46,2479,0,21,"WATER,PROTCNT,ASH,FATCE,FIBTG,FIBINS,FIBSOL,CHOAVLDF,ENERC"
47,2836,0,20,"WATER,PROTCNT,ASH,FATCE,FIBTG,FIBINS,FIBSOL,CHOAVLDF,ENERC"
48,2816,0,19,"WATER,PROTCNT,ASH,FATCE,FIBTG,FIBINS,FIBSOL,CHOAVLDF,ENERC"
49,2300,0,19,"WATER,PROTCNT,ASH,FATCE,FIBTG,FIBINS,FIBSOL,CHOAVLDF,ENERC"
50,2816,0,21,"WATER,PROTCNT,ASH,FATCE,FIBTG,FIBINS,FIBSOL,CHOAVLDF,ENERC"
51,2612,0,21,"WATER,PROTCNT,ASH,FATCE,FIBTG,FIBINS,FIBSOL,CHOAVLDF,ENERC"
52,2464,0,18,"WATER,PROTCNT,ASH,FATCE,FIBTG,FIBINS,FIBSOL,CHOAVLDF,ENERC"
53,2553,0,10,"WATER,PROTCNT,ASH,FATCE,FIBTG,FIBINS,FIBSOL,CHOAVLDF,ENERC"
54,2824,0,0,"WATER,PROTCNT,ASH,FATCE,FIBTG,FIBINS,FIBSOL,CHOAVLDF,ENERC"
55,2752,0,15,"WATER,PROTCNT,ASH,FATCE,FIBTG,FIBINS,FIBSOL,CHOAVLDF,ENERC"
56,1828,0,14,"WATER,PROTCNT,ASH,FATCE,FIBTG,FIBINS,FIBSOL,CHOAVLDF,ENERC"
57,580,0,4,"WATER,PROTCNT,ASH,FATCE,FIBTG,FIBINS,FIBSOL,CHOAVLDF,ENERC"
58,1598,0,19,"WATER,PROTCNT,ASH,FATCE,ENERC"
59,1400,0,20,"WATER,PROTCNT,ASH,FATCE,ENERC"
60,1519,0,22,"WATER,PROTCNT,ASH,FATCE,ENERC"
61,1416,0,22,"WATER,PROTCNT,ASH,FATCE,ENERC"
62,956,0,14,"WATER,PROTCNT,ASH,FATCE,ENERC"
63,1563,0,21,"WATER,PROTCNT,ASH,FATCE,ENERC"
64,1607,0,22,"WATER,PROTCNT,ASH,FATCE,ENERC"
65,1636,0,22,"WATER,PROTCNT,ASH,FATCE,ENERC"
66,1604,0,22,"WATER,PROTCNT,ASH,FATCE,ENERC"
67,1379,0,18,"WATER,PROTCNT,ASH,FATCE,ENERC"
68,1054,0,12,"WATER,PROTCNT,ASH,FATCE,ENERC"
69,33,0,0,"THIA,RIBF,NIA,PANTAC,VITB6C,BIOT,FOLSUM,VITC"
71,2367,0,17,"THIA,RIBF,NIA,PANTAC,VITB6C,BIOT,FOLSUM,VITC"
72,2352,0,19,"THIA,RIBF,NIA,PANTAC,VITB6C,BIOT,FOLSUM,VITC"
73,2275,0,16,"THIA,RIBF,NIA,PANTAC,VITB6C,BIOT,FOLSUM,VITC"
74,2669,0,15,"THIA,RIBF,NIA,PANTAC,VITB6C,BIOT,FOLSUM,VITC"
75,2479,0,13,"THIA,RIBF,NIA,PANTAC,VITB6C,BIOT,FOLSUM,VITC"
76,2417,0,21,"THIA,RIBF,NIA,PANTAC,VITB6C,BIOT,FOLSUM,VITC"
77,2754,0,21,"THIA,RIBF,NIA,PANTAC,VITB6C,BIOT,FOLSUM,VITC"
78,2835,0,19,"THIA,RIBF,NIA,PANTAC,VITB6C,BIOT,FOLSUM,VITC"
79,2087,0,18,"THIA,RIBF,NIA,PANTAC,VITB6C,BIOT,FOLSUM,VITC"
80,2677,0,20,"THIA,RIBF,NIA,PANTAC,VITB6C,BIOT,FOLSUM,VITC"
81,2374,0,20,"THIA,RIBF,NIA,PANTAC,VITB6C,BIOT,FOLSUM,VITC"
82,2348,0,17,"THIA,RIBF,NIA,PANTAC,VITB6C,BIOT,FOLSUM,VITC"
83,2385,0,13,"THIA,RIBF,NIA,PANTAC,VITB6C,BIOT,FOLSUM,VITC"
84,2366,0,0,"THIA,RIBF,NIA,PANTAC,VITB6C,BIOT,FOLSUM,VITC"
85,2438,0,9,"THIA,RIBF,NIA,PANTAC,VITB6C,BIOT,FOLSUM,VITC"
86,2256,0,18,"THIA,RIBF,NIA,PANTAC,VITB6C,BIOT,FOLSUM,VITC"
87,896,0,6,"THIA,RIBF,NIA,PANTAC,VITB6C,BIOT,FOLSUM,VITC"
88,1729,0,17,"THIA,RIBF,NIA,PANTAC,VITB6A,BIOT,FOLSUM"
89,1461,0,17,"THIA,RIBF,NIA,PANTAC,VITB6A,BIOT,FOLSUM"
90,1681,0,20,"THIA,RIBF,NIA,PANTAC,VITB6A,FOLSUM"
91,1625,0,21,"THIA,RIBF,NIA,PANTAC,VITB6A,FOLSUM"
92,1573,0,22,"THIA,RIBF,NIA,PANTAC,VITB6A,FOLSUM"
93,1690,0,21,"THIA,RIBF,NIA,PANTAC,VITB6A,FOLSUM"
94,1739,0,22,"THIA,RIBF,NIA,PANTAC,VITB6A,FOLSUM"
95,1756,0,22,"THIA,RIBF,NIA,PANTAC,VITB6A,FOLSUM"
96,1724,0,22,"THIA,RIBF,NIA,PANTAC,VITB6A,FOLSUM"
97,1476,0,18,"THIA,RIBF,NIA,PANTAC,VITB6A,FOLSUM"
98,1121,0,12,"THIA,RIBF,NIA,PANTAC,VITB6A,FOLSUM"
101,2042,0,16,"ERGCAL,TOCPHA,TOCPHB,TOCPHG,TOCPHD,TOCTRA,TOCTRB,TOCTRG,TOCTRD,VITE,VITK1"
102,2232,0,19,"ERGCAL,TOCPHA,TOCPHB,TOCPHG,TOCPHD,TOCTRA,TOCTRB,TOCTRG,TOCTRD,VITE,VITK1"
103,1999,0,14,"ERGCAL,TOCPHA,TOCPHB,TOCPHG,TOCPHD,TOCTRA,TOCTRB,TOCTRG,TOCTRD,VITE,VITK1"
104,2074,0,12,"ERGCAL,TOCPHA,TOCPHB,TOCPHG,TOCPHD,TOCTRA,TOCTRB,TOCTRG,TOCTRD,VITE,VITK1"
105,2000,0,12,"ERGCAL,TOCPHA,TOCPHB,TOCPHG,TOCPHD,TOCTRA,TOCTRB,TOCTRG,TOCTRD,VITE,VITK1"
106,1858,0,22,"ERGCAL,TOCPHA,TOCPHB,TOCPHG,TOCPHD,TOCTRA,TOCTRB,TOCTRG,TOCTRD,VITE,VITK1"
107,2245,0,16,"ERGCAL,TOCPHA,TOCPHB,TOCPHG,TOCPHD,TOCTRA,TOCTRB,TOCTRG,TOCTRD,VITE,VITK1"
108,2199,0,14,"ERGCAL,TOCPHA,TOCPHB,TOCPHG,TOCPHD,TOCTRA,TOCTRB,TOCTRG,TOCTRD,VITE,VITK1"
109,1894,0,19,"ERGCAL,TOCPHA,TOCPHB,TOCPHG,TOCPHD,TOCTRA,TOCTRB,TOCTRG,TOCTRD,VITE,VITK1"
110,2304,0,19,"ERGCAL,TOCPHA,TOCPHB,TOCPHG,TOCPHD,TOCTRA,TOCTRB,TOCTRG,TOCTRD,VITE,VITK1"
111,1923,0,21,"ERGCAL,TOCPHA,TOCPHB,TOCPHG,TOCPHD,TOCTRA,TOCTRB,TOCTRG,TOCTRD,VITE,VITK1"
112,1903,0,13,"ERGCAL,TOCPHA,TOCPHB,TOCPHG,TOCPHD,TOCTRA,TOCTRB,TOCTRG,TOCTRD,VITE,VITK1"
113,2008,0,4,"ERGCAL,TOCPHA,TOCPHB,TOCPHG,TOCPHD,TOCTRA,TOCTRB,TOCTRG,TOCTRD,VITE,VITK1"
114,2158,0,0,"ERGCAL,TOCPHA,TOCPHB,TOCPHG,TOCPHD,TOCTRA,TOCTRB,TOCTRG,TOCTRD,VITE,VITK1"
115,2311,0,20,"ERGCAL,TOCPHA,TOCPHB,TOCPHG,TOCPHD,TOCTRA,TOCTRB,TOCTRG,TOCTRD,VITE,VITK1"
116,1236,0,13,"ERGCAL,TOCPHA,TOCPHB,TOCPHG,TOCPHD,TOCTRA,TOCTRB,TOCTRG,TOCTRD,VITE,VITK1"
117,1927,0,15,"RETOL,CHOCAL,TOCPHA,TOCPHB,TOCPHG,TOCPHD,TOCTRA,TOCTRB,TOCTRG,TOCTRD,VITE,VITK2"
118,1676,0,16,"RETOL,CHOCAL,TOCPHA,TOCPHB,TOCPHG,TOCPHD,TOCTRA,TOCTRB,TOCTRG,TOCTRD,VITE,VITK2"
119,1640,0,21,"RETOL,CHOCAL,TOCPHA,TOCPHB,TOCPHG,TOCPHD,TOCTRA,TOCTRB,TOCTRG,TOCTRD,VITE,VITK2"
120,1554,0,21,"RETOL,CHOCAL,TOCPHA,TOCPHB,TOCPHG,TOCPHD,TOCTRA,TOCTRB,TOCTRG,TOCTRD,VITE,VITK2"
121,1483,0,20,"RETOL,CHOCAL,TOCPHA,TOCPHB,TOCPHG,TOCPHD,TOCTRA,TOCTRB,TOCTRG,TOCTRD,VITE,VITK2"
122,1683,0,16,"RETOL,CHOCAL,TOCPHA,TOCPHB,TOCPHG,TOCPHD,TOCTRA,TOCTRB,TOCTRG,TOCTRD,VITE,VITK2"
123,1722,0,18,"RETOL,CHOCAL,TOCPHA,TOCPHB,TOCPHG,TOCPHD,TOCTRA,TOCTRB,TOCTRG,TOCTRD,VITE,VITK2"
124,1706,0,12,"RETOL,CHOCAL,TOCPHA,TOCPHB,TOCPHG,TOCPHD,TOCTRA,TOCTRB,TOCTRG,TOCTRD,VITE,VITK2"
125,1740,0,12,"RETOL,CHOCAL,TOCPHA,TOCPHB,TOCPHG,TOCPHD,TOCTRA,TOCTRB,TOCTRG,TOCTRD,VITE,VITK2"
126,1581,0,12,"RETOL,CHOCAL,TOCPHA,TOCPHB,TOCPHG,TOCPHD,TOCTRA,TOCTRB,TOCTRG,TOCTRD,VITE,VITK2"
127,1598,0,10,"RETOL,CHOCAL,TOCPHA,TOCPHB,TOCPHG,TOCPHD,TOCTRA,TOCTRB,TOCTRG,TOCTRD,VITE,VITK2"
128,585,0,2,"RETOL,CHOCAL,TOCPHA,TOCPHB,TOCPHG,TOCPHD,TOCTRA,TOCTRB,TOCTRG,TOCTRD,VITE,VITK2"
131,1622,0,17,"LUTN,ZEA,LYCPN,CRYPXB,CARTG,CARTA,CARTB,CARTOID"
132,1647,0,18,"LUTN,ZEA,LYCPN,CRYPXB,CARTG,CARTA,CARTB,CARTOID"
133,1584,0,14,"LUTN,ZEA,LYCPN,CRYPXB,CARTG,CARTA,CARTB,CARTOID"
134,1901,0,12,"LUTN,ZEA,LYCPN,CRYPXB,CARTG,CARTA,CARTB,CARTOID"
135,1728,0,13,"LUTN,ZEA,LYCPN,CRYPXB,CARTG,CARTA,CARTB,CARTOID"
136,1677,0,22,"LUTN,ZEA,LYCPN,CRYPXB,CARTG,CARTA,CARTB,CARTOID"
137,1851,0,17,"LUTN,ZEA,LYCPN,CRYPXB,CARTG,CARTA,CARTB,CARTOID"
138,1988,0,16,"LUTN,ZEA,LYCPN,CRYPXB,CARTG,CARTA,CARTB,CARTOID"
139,1665,0,20,"LUTN,ZEA,LYCPN,CRYPXB,CARTG,CARTA,CARTB,CARTOID"
140,2039,0,20,"LUTN,ZEA,LYCPN,CRYPXB,CARTG,CARTA,CARTB,CARTOID"
141,1829,0,21,"LUTN,ZEA,LYCPN,CRYPXB,CARTG,CARTA,CARTB,CARTOID"
142,1743,0,13,"LUTN,ZEA,LYCPN,CRYPXB,CARTG,CARTA,CARTB,CARTOID"
143,1637,0,3,"LUTN,ZEA,LYCPN,CRYPXB,CARTG,CARTA,CARTB,CARTOID"
144,1783,0,0,"LUTN,ZEA,LYCPN,CRYPXB,CARTG,CARTA,CARTB,CARTOID"
145,1804,0,19,"LUTN,ZEA,LYCPN,CRYPXB,CARTG,CARTA,CARTB,CARTOID"
146,1027,0,14,"LUTN,ZEA,LYCPN,CRYPXB,CARTG,CARTA,CARTB,CARTOID"
147,1206,0,15,"LUTN,ZEA,LYCPN,CRYPXB,CARTG,CARTA,CARTB,CARTOID"
151,2618,0,16,"CEREALS,AND,MILLETS"
152,2558,0,16,"CEREALS,AND,MILLETS"
153,2805,0,19,"CA,FE,ZN,NA,K,P,MG"
154,2981,0,19,"CA,FE,ZN,NA,K,P,MG"
155,2389,0,14,"CA,FE,ZN,NA,K,P,MG"
156,2555,0,14,"CA,FE,ZN,NA,K,P,MG"
157,2754,0,11,"CA,FE,ZN,NA,K,P,MG"
158,2953,0,11,"CA,FE,ZN,NA,K,P,MG"
159,2234,0,7,"CA,FE,ZN,NA,K,P,MG"
160,2381,0,7,"CA,FE,ZN,NA,K,P,MG"
161,2698,0,21,"CA,FE,ZN,NA,K,P,MG"
162,2566,0,21,"CA,FE,ZN,NA,K,P,MG"
163,2649,0,11,"CA,FE,ZN,NA,K,P,MG"
164,2848,0,11,"CA,FE,ZN,NA,K,P,MG"
165,2667,0,11,"CA,FE,ZN,NA,K,P,MG"
166,2917,0,11,"CA,FE,ZN,NA,K,P,MG"
167,2052,0,14,"CA,FE,ZN,NA,K,P,MG"
168,2250,0,14,"CA,FE,ZN,NA,K,P,MG"
169,2420,0,10,"CA,FE,ZN,NA,K,P,MG"
170,2750,0,10,"CA,FE,ZN,NA,K,P,MG"
171,2271,0,18,"CA,FE,ZN,NA,K,P,MG"
172,2527,0,18,"CA,FE,ZN,NA,K,P,MG"
173,2286,0,13,"CA,FE,ZN,NA,K,P,MG"
174,2569,0,13,"CA,FE,ZN,NA,K,P,MG"
175,2546,0,3,"CA,FE,ZN,NA,K,P,MG"
176,2587,0,3,"CA,FE,ZN,NA,K,P,MG"
177,2957,0,0,"CA,FE,ZN,NA,K,P,MG"
178,2888,0,0,"CA,FE,ZN,NA,K,P,MG"
179,2690,0,10,"CA,FE,ZN,NA,K,P,MG"
180,2686,0,10,"CA,FE,ZN,NA,K,P,MG"
181,1862,0,11,"CA,FE,ZN,NA,K,P,MG"
182,1876,0,10,"CA,FE,ZN,NA,K,P,MG"
183,659,0,4,"CA,FE,ZN,NA,K,P,MG"
184,682,0,4,"CA,FE,ZN,NA,K,P,MG"
185,1456,0,19,"EGG,AND,EGG,PRODUCTS"
186,1959,9,19,"EGG,AND,EGG,PRODUCTS"
187,1516,0,20,"CA,FE,ZN,NA,K,P,MG"
188,1820,9,20,"CA,FE,ZN,NA,K,P,MG"
189,2252,0,22,"CA,FE,ZN,NA,K,P,MG"
190,2408,11,22,"CA,FE,ZN,NA,K,P,MG"
191,2058,0,22,"CA,FE,ZN,NA,K,P,MG"
192,2175,11,22,"CA,FE,ZN,NA,K,P,MG"
193,1299,0,14,"CA,FE,ZN,NA,K,P,MG"
194,1424,7,14,"CA,FE,ZN,NA,K,P,MG"
195,1832,0,19,"CA,FE,ZN,NA,K,P,MG"
196,2050,10,19,"CA,FE,ZN,NA,K,P,MG"
197,1850,0,18,"CA,FE,ZN,NA,K,P,MG"
198,2056,10,18,
199,1793,0,15,"CA,FE,ZN,NA,K,P,MG"
200,2095,11,15,"CA,FE,ZN,NA,K,P,MG"
201,1781,0,15,"CA,FE,ZN,NA,K,P,MG"
202,2049,10,15,"CA,FE,ZN,NA,K,P,MG"
203,1643,0,12,"CA,FE,ZN,NA,K,P,MG"
204,1780,9,12,"CA,FE,ZN,NA,K,P,MG"
205,1874,0,13,"CA,FE,ZN,NA,K,P,MG"
206,1996,8,13,"CA,FE,ZN,NA,K,P,MG"
209,1990,0,18,"STARCH,FRUS,GLUS,SUCS,MALS"
210,2314,0,21,"STARCH,FRUS,GLUS,SUCS,MALS"
211,1997,0,18,"STARCH,FRUS,GLUS,SUCS,MALS"
212,2092,0,21,"STARCH,FRUS,GLUS,SUCS,MALS"
213,1902,0,16,"STARCH,FRUS,GLUS,SUCS,MALS"
214,2044,0,21,"STARCH,FRUS,GLUS,SUCS,MALS"
215,2202,0,21,"STARCH,FRUS,GLUS,SUCS,MALS"
216,2055,0,20,"STARCH,FRUS,GLUS,SUCS,MALS"
217,1912,0,20,"STARCH,FRUS,GLUS,SUCS,MALS"
218,2143,0,21,"STARCH,FRUS,GLUS,SUCS,MALS"
219,1907,0,21,"STARCH,FRUS,GLUS,SUCS,MALS"
220,2151,0,20,"STARCH,FRUS,GLUS,SUCS,MALS"
221,2051,0,5,"STARCH,FRUS,GLUS,SUCS,MALS"
222,2057,0,0,"STARCH,FRUS,GLUS,SUCS,MALS"
223,2233,0,20,"STARCH,FRUS,GLUS,SUCS,MALS"
224,1282,0,13,"STARCH,FRUS,GLUS,SUCS,MALS"
227,1941,0,15,"F10D0,F12D0,F14D0,F16D0,F18D0,F20D0,F22D0,F24D0,F14D1,F16D1C,F18D1CN9"
228,2081,8,15,"F20D1N9F,F22D1N9,F24D1C,F18D2CN6,F20D2,F18D3N3,F20D4N6,FASAT,FAMS,FAPU"
229,1857,0,18,"F10D0,F12D0,F14D0,F16D0,F18D0,F20D0,F22D0,F24D0,F14D1,F16D1C,F18D1CN9"
230,2093,10,18,"F20D1N9F,F22D1N9,F24D1C,F18D2CN6,F20D2,F18D3N3,F20D4N6,FASAT,FAMS,FAPU"
231,1915,0,14,"F10D0,F12D0,F14D0,F16D0,F18D0,F20D0,F22D0,F24D0,F14D1,F16D1C,F18D1CN9"
232,1976,8,14,"F20D1N9F,F22D1N9,F24D1C,F18D2CN6,F20D2,F18D3N3,F20D4N6,FASAT,FAMS,FAPU"
233,2366,0,10,"F10D0,F12D0,F14D0,F16D0,F18D0,F20D0,F22D0,F24D0,F14D1,F16D1C,F18D1CN9"
234,2162,10,10,"F20D1N9F,F22D1N9,F24D1C,F18D2CN6,F20D2,F18D3N3,F20D4N6,FASAT,FAMS,FAPU"
235,2115,0,7,"F10D0,F12D0,F14D0,F16D0,F18D0,F20D0,F22D0,F24D0,F14D1,F16D1C,F18D1CN9"
236,1934,8,7,"F20D1N9F,F22D1N9,F24D1C,F18D2CN6,F20D2,F18D3N3,F20D4N6,FASAT,FAMS,FAPU"
237,2042,0,18,"F10D0,F12D0,F14D0,F16D0,F18D0,F20D0,F22D0,F24D0,F14D1,F16D1C,F18D1CN9"
238,1945,10,18,"F20D1N9F,F22D1N9,F24D1C,F18D2CN6,F20D2,F18D3N3,F20D4N6,FASAT,FAMS,FAPU"
239,2407,0,13,"F10D0,F12D0,F14D0,F16D0,F18D0,F20D0,F22D0,F24D0,F14D1,F16D1C,F18D1CN9"
240,2167,10,13,"F20D1N9F,F22D1N9,F24D1C,F18D2CN6,F20D2,F18D3N3,F20D4N6,FASAT,FAMS,FAPU"
241,2459,0,13,"F10D0,F12D0,F14D0,F16D0,F18D0,F20D0,F22D0,F24D0,F14D1,F16D1C,F18D1CN9"
242,2268,10,13,"F20D1N9F,F22D1N9,F24D1C,F18D2CN6,F20D2,F18D3N3,F20D4N6,FASAT,FAMS,FAPU"
243,2059,0,10,"F10D0,F12D0,F14D0,F16D0,F18D0,F20D0,F22D0,F24D0,F14D1,F16D1C,F18D1CN9"
244,2029,9,10,"F20D1N9F,F22D1N9,F24D1C,F18D2CN6,F20D2,F18D3N3,F20D4N6,FASAT,FAMS,FAPU"
245,1973,0,9,"F10D0,F12D0,F14D0,F16D0,F18D0,F20D0,F22D0,F24D0,F14D1,F16D1C,F18D1CN9"
246,2029,10,9,"F20D1N9F,F22D1N9,F24D1C,F18D2CN6,F20D2,F18D3N3,F20D4N6,FASAT,FAMS,FAPU"
247,2232,0,13,"F10D0,F12D0,F14D0,F16D0,F18D0,F20D0,F22D0,F24D0,F14D1,F16D1C,F18D1CN9"
248,2163,10,13,"F20D1N9F,F22D1N9,F24D1C,F18D2CN6,F20D2,F18D3N3,F20D4N6,FASAT,FAMS,FAPU"
249,1953,0,17,"F10D0,F12D0,F14D0,F16D0,F18D0,F20D0,F22D0,F24D0,F14D1,F16D1C,F18D1CN9"
250,2068,10,17,"F20D1N9F,F22D1N9,F24D1C,F18D2CN6,F20D2,F18D3N3,F20D4N6,FASAT,FAMS,FAPU"
251,1962,0,10,"F10D0,F12D0,F14D0,F16D0,F18D0,F20D0,F22D0,F24D0,F14D1,F16D1C,F18D1CN9"
252,1999,9,10,"F20D1N9F,F22D1N9,F24D1C,F18D2CN6,F20D2,F18D3N3,F20D4N6,FASAT,FAMS,FAPU"
253,2158,0,1,"F10D0,F12D0,F14D0,F16D0,F18D0,F20D0,F22D0,F24D0,F14D1,F16D1C,F18D1CN9"
254,2036,8,1,"F20D1N9F,F22D1N9,F24D1C,F18D2CN6,F20D2,F18D3N3,F20D4N6,FASAT,FAMS,FAPU"
255,1943,0,0,"F10D0,F12D0,F14D0,F16D0,F18D0,F20D0,F22D0,F24D0,F14D1,F16D1C,F18D1CN9"
256,2058,9,0,"F20D1N9F,F22D1N9,F24D1C,F18D2CN6,F20D2,F18D3N3,F20D4N6,FASAT,FAMS,FAPU"
257,2618,0,15,"F10D0,F12D0,F14D0,F16D0,F18D0,F20D0,F22D0,F24D0,F14D1,F16D1C,F18D1CN9"
258,2480,10,15,"F20D1N9F,F22D1N9,F24D1C,F18D2CN6,F20D2,F18D3N3,F20D4N6,FASAT,FAMS,FAPU"
259,1516,0,9,"F10D0,F12D0,F14D0,F16D0,F18D0,F20D0,F22D0,F24D0,F14D1,F16D1C,F18D1CN9"
260,1463,6,9,"F20D1N9F,F22D1N9,F24D1C,F18D2CN6,F20D2,F18D3N3,F20D4N6,FASAT,FAMS,FAPU"
261,1672,0,18,"F4D0,F12D0,F14D0,F15D0,F16D0,F18D0,F20D0,F22D0,F24D0"
262,1674,8,18,"F14D1,F16D1,F18D1,F20D1,F22D1,F24D1,F18D2CN6,F20D2,F18D3N3"
263,1737,8,18,"F20D3N6,F20D4N6,F20D5N3,F22D6N3,FASAT,FAMS,FAPU"
264,1379,0,19,"F4D0,F12D0,F14D0,F15D0,F16D0,F18D0,F20D0,F22D0,F24D0"
265,1402,9,19,"F14D1,F16D1,F18D1,F20D1,F22D1,F24D1,F18D2CN6,F20D2,F18D3N3"
266,1531,9,19,"F20D3N6,F20D4N6,F20D5N3,F22D6N3,FASAT,FAMS,FAPU"
267,1692,0,21,"F4D0,F12D0,F14D0,F15D0,F16D0,F18D0,F20D0,F22D0,F24D0"
268,1567,11,21,"F14D1,F16D1,F18D1,F20D1,F22D1,F24D1,F18D2CN6,F20D2,F18D3N3"
269,1591,11,21,"F20D3N6,F20D4N6,F20D5N3,F22D6N3,FASAT,FAMS,FAPU"
270,1664,0,21,"F4D0,F12D0,F14D0,F15D0,F16D0,F18D0,F20D0,F22D0,F24D0"
271,1533,10,21,"F14D1,F16D1,F18D1,F20D1,F22D1,F24D1,F18D2CN6,F20D2,F18D3N3"
272,1535,10,21,"F20D3N6,F20D4N6,F20D5N3,F22D6N3,FASAT,FAMS,FAPU"
273,1145,0,18,"F4D0,F12D0,F14D0,F15D0,F16D0,F18D0,F20D0,F22D0,F24D0"
274,1173,9,18,"F14D1,F16D1,F18D1,F20D1,F22D1,F24D1,F18D2CN6,F20D2,F18D3N3"
275,1318,9,18,"F20D3N6,F20D4N6,F20D5N3,F22D6N3,FASAT,FAMS,FAPU"
276,1801,0,20,"F12D0,F14D0,F15D0,F16D0,F18D0,F20D0,F22D0,F24D0,F16D1C"
277,1720,10,20,"F18D1CN9,F20D1N9,F22D1N9,F24D1C,F18D2CN6,F20D2,F22D2,F18D3N3,F20D3N6"
278,2015,10,20,"F20D4N6,F20D5N3,F22D5N3,F22D6N3,FASAT,FAMS,FAPU,CHOLC"
279,1905,0,21,"F12D0,F14D0,F15D0,F16D0,F18D0,F20D0,F22D0,F24D0,F16D1C"
280,1825,10,21,"F18D1CN9,F20D1N9,F22D1N9,F24D1C,F18D2CN6,F20D2,F22D2,F18D3N3,F20D3N6"
281,2086,10,21,"F20D4N6,F20D5N3,F22D5N3,F22D6N3,FASAT,FAMS,FAPU,CHOLC"
282,1856,0,21,"F12D0,F14D0,F15D0,F16D0,F18D0,F20D0,F22D0,F24D0,F16D1C"
283,1731,11,21,"F18D1CN9,F20D1N9,F22D1N9,F24D1C,F18D2CN6,F20D2,F22D2,F18D3N3,F20D3N6"
284,2079,11,21,"F20D4N6,F20D5N3,F22D5N3,F22D6N3,FASAT,FAMS,FAPU,CHOLC"
285,1747,0,20,"F12D0,F14D0,F15D0,F16D0,F18D0,F20D0,F22D0,F24D0,F16D1C"
286,1679,10,20,"F18D1CN9,F20D1N9,F22D1N9,F24D1C,F18D2CN6,F20D2,F22D2,F18D3N3,F20D3N6"
287,1955,10,20,"F20D4N6,F20D5N3,F22D5N3,F22D6N3,FASAT,FAMS,FAPU,CHOLC"
288,1626,0,18,"F12D0,F14D0,F15D0,F16D0,F18D0,F20D0,F22D0,F24D0,F16D1C"
289,1542,9,18,"F18D1CN9,F20D1N9,F22D1N9,F24D1C,F18D2CN6,F20D2,F22D2,F18D3N3,F20D3N6"
290,1848,9,18,"F20D4N6,F20D5N3,F22D5N3,F22D6N3,FASAT,FAMS,FAPU,CHOLC"
291,1569,0,17,"F12D0,F14D0,F15D0,F16D0,F18D0,F20D0,F22D0,F24D0,F16D1C"
292,1513,8,17,"F18D1CN9,F20D1N9,F22D1N9,F24D1C,F18D2CN6,F20D2,F22D2,F18D3N3,F20D3N6"
293,1823,8,17,"F20D4N6,F20D5N3,F22D5N3,F22D6N3,FASAT,FAMS,FAPU,CHOLC"
296,2841,0,16,"HIS,ILE,LEU,LYS,MET,CYS,PHE,THR,TRP,VAL"
297,2471,9,16,"ALA,ARG,ASP,GLU,GLY,PRO,SER,TYR"
298,2883,0,14,"HIS,ILE,LEU,LYS,MET,CYS,PHE,THR,TRP,VAL"
299,2532,10,14,"ALA,ARG,ASP,GLU,GLY,PRO,SER,TYR"
300,2568,0,14,"HIS,ILE,LEU,LYS,MET,CYS,PHE,THR,TRP,VAL"
301,2272,9,14,"ALA,ARG,ASP,GLU,GLY,PRO,SER,TYR"
302,2897,0,9,"HIS,ILE,LEU,LYS,MET,CYS,PHE,THR,TRP,VAL"
303,2578,11,9,"ALA,ARG,ASP,GLU,GLY,PRO,SER,TYR"
304,2564,0,10,"HIS,ILE,LEU,LYS,MET,CYS,PHE,THR,TRP,VAL"
305,2273,9,10,"ALA,ARG,ASP,GLU,GLY,PRO,SER,TYR"
306,2794,0,21,"HIS,ILE,LEU,LYS,MET,CYS,PHE,THR,TRP,VAL"
307,2460,11,21,"ALA,ARG,ASP,GLU,GLY,PRO,SER,TYR"
308,3009,0,9,"HIS,ILE,LEU,LYS,MET,CYS,PHE,THR,TRP,VAL"
309,2649,10,9,"ALA,ARG,ASP,GLU,GLY,PRO,SER,TYR"
310,2971,0,11,"HIS,ILE,LEU,LYS,MET,CYS,PHE,THR,TRP,VAL"
311,2621,11,11,"ALA,ARG,ASP,GLU,GLY,PRO,SER,TYR"
312,2697,0,13,"HIS,ILE,LEU,LYS,MET,CYS,PHE,THR,TRP,VAL"
313,2386,10,13,"ALA,ARG,ASP,GLU,GLY,PRO,SER,TYR"
314,2990,0,8,"HIS,ILE,LEU,LYS,MET,CYS,PHE,THR,TRP,VAL"
315,2643,11,8,"ALA,ARG,ASP,GLU,GLY,PRO,SER,TYR"
316,2859,0,17,"HIS,ILE,LEU,LYS,MET,CYS,PHE,THR,TRP,VAL"
317,2514,11,17,"ALA,ARG,ASP,GLU,GLY,PRO,SER,TYR"
318,2737,0,9,"HIS,ILE,LEU,LYS,MET,CYS,PHE,THR,TRP,VAL"
319,2413,9,9,"ALA,ARG,ASP,GLU,GLY,PRO,SER,TYR"
320,2859,0,2,"HIS,ILE,LEU,LYS,MET,CYS,PHE,THR,TRP,VAL"
321,2524,10,2,"ALA,ARG,ASP,GLU,GLY,PRO,SER,TYR"
322,2887,0,2,"HIS,ILE,LEU,LYS,MET,CYS,PHE,THR,TRP,VAL"
323,2518,9,2,"ALA,ARG,ASP,GLU,GLY,PRO,SER,TYR"
324,3021,0,10,"HIS,ILE,LEU,LYS,MET,CYS,PHE,THR,TRP,VAL"
325,2642,9,10,"ALA,ARG,ASP,GLU,GLY,PRO,SER,TYR"
326,1414,0,6,"HIS,ILE,LEU,LYS,MET,CYS,PHE,THR,TRP,VAL"
327,1243,6,6,"ALA,ARG,ASP,GLU,GLY,PRO,SER,TYR"
328,2389,0,19,"HIS,ILE,LEU,LYS,MET,CYS,PHE,THR,TRP,VAL"
329,2078,9,19,"ALA,ARG,ASP,GLU,GLY,PRO,SER,TYR"
330,2055,0,20,"HIS,ILE,LEU,LYS,MET,CYS,PHE,THR,TRP,VAL"
331,1797,9,20,"ALA,ARG,ASP,GLU,GLY,PRO,SER,TYR"
332,2469,0,22,"HIS,ILE,LEU,LYS,MET,CYS,PHE,THR,TRP,VAL"
333,2103,11,22,"ALA,ARG,ASP,GLU,GLY,PRO,SER,TYR"
334,2259,0,22,"HIS,ILE,LEU,LYS,MET,CYS,PHE,THR,TRP,VAL"
335,1932,11,22,"ALA,ARG,ASP,GLU,GLY,PRO,SER,TYR"
336,1499,0,14,"HIS,ILE,LEU,LYS,MET,CYS,PHE,THR,TRP,VAL"
337,1284,7,14,"ALA,ARG,ASP,GLU,GLY,PRO,SER,TYR"
338,2195,0,21,"HIS,ILE,LEU,LYS,MET,CYS,PHE,THR,TRP,VAL"
339,1960,10,21,"ALA,ARG,ASN,GLU,GLY,PRO,SER,TYR"
340,2266,0,22,"HIS,ILE,LEU,LYS,MET,CYS,PHE,THR,TRP,VAL"
341,2018,11,22,"ALA,ARG,ASN,GLU,GLY,PRO,SER,TYR"
342,2270,0,21,"HIS,ILE,LEU,LYS,MET,CYS,PHE,THR,TRP,VAL"
343,2034,11,21,"ALA,ARG,ASN,GLU,GLY,PRO,SER,TYR"
344,2235,0,22,"HIS,ILE,LEU,LYS,MET,CYS,PHE,THR,TRP,VAL"
345,1995,11,22,"ALA,ARG,ASN,GLU,GLY,PRO,SER,TYR"
346,1859,0,18,"HIS,ILE,LEU,LYS,MET,CYS,PHE,THR,TRP,VAL"
347,1676,9,18,"ALA,ARG,ASN,GLU,GLY,PRO,SER,TYR"
348,1506,0,12,"HIS,ILE,LEU,LYS,MET,CYS,PHE,THR,TRP,VAL"
349,1313,6,12,"ALA,ARG,ASN,GLU,GLY,PRO,SER,TYR"
352,2306,0,15,"CITAC,FUMAC,MALAC,SUCAC,TARAC"
353,2308,0,13,"CITAC,FUMAC,MALAC,SUCAC,TARAC"
354,2093,0,12,"CITAC,FUMAC,MALAC,SUCAC,TARAC"
355,2465,0,9,"CITAC,FUMAC,MALAC,SUCAC,TARAC"
356,2170,0,7,"CITAC,FUMAC,MALAC,SUCAC,TARAC"
357,2328,0,21,"CITAC,FUMAC,MALAC,SUCAC,TARAC"
358,2566,0,9,"CITAC,FUMAC,MALAC,SUCAC,TARAC"
359,2743,0,12,"CITAC,FUMAC,MALAC,SUCAC,TARAC"
360,2183,0,10,"CITAC,FUMAC,MALAC,SUCAC,TARAC"
361,2515,0,10,"CITAC,FUMAC,MALAC,SUCAC,TARAC"
362,2273,0,10,"CITAC,FUMAC,MALAC,SUCAC,TARAC"
363,2350,0,16,"CITAC,FUMAC,MALAC,SUCAC,TARAC"
364,2394,0,6,"CITAC,FUMAC,MALAC,SUCAC,TARAC"
365,2487,0,0,"CITAC,FUMAC,MALAC,SUCAC,TARAC"
366,2217,0,4,"CITAC,FUMAC,MALAC,SUCAC,TARAC"
367,2291,0,7,"CITAC,FUMAC,MALAC,SUCAC,TARAC"
368,836,0,6,"CITAC,FUMAC,MALAC,SUCAC,TARAC"
372,1870,0,16,
373,1519,9,16,"CHLRAC,FERAC,APIGEN,LUTEOL,KAEMF,QUERCE"
374,1088,9,16,"HESPT,HESPD,DAIDZN,GNSTEIN,EPICATEC"
375,1426,9,16,
376,1726,0,18,
377,1736,9,18,"CHLRAC,FERAC,APIGEN,LUTEOL,KAEMF,QUERCE"
378,1259,9,18,"HESPT,HESPD,DAIDZN,GNSTEIN,EPICATEC"
379,1465,9,18,
380,1664,0,14,
381,1765,9,14,"CHLRAC,FERAC,APIGEN,LUTEOL,KAEMF,QUERCE"
382,1301,9,14,"HESPT,HESPD,DAIDZN,GNSTEIN,EPICATEC"
383,1441,9,14,
384,1504,0,11,
385,1842,10,11,"CHLRAC,FERAC,APIGEN,LUTEOL,KAEMF,QUERCE"
386,1288,10,11,"HESPT,HESPD,DAIDZN,GNSTEIN,EPICATEC"
387,1414,10,11,
388,1563,0,9,
389,1540,9,9,"CHLRAC,FERAC,APIGEN,LUTEOL,KAEMF,QUERCE"
390,1166,9,9,"HESPT,HESPD,DAIDZN,GNSTEIN,EPICATEC"
391,1354,9,9,
392,1634,0,21,
393,1413,11,21,"CHLRAC,FERAC,APIGEN,LUTEOL,KAEMF,QUERCE"
394,1028,11,21,"HESPT,HESPD,DAIDZN,GNSTEIN,EPICATEC"
395,1238,11,21,
396,1553,0,13,
397,1737,10,13,"CHLRAC,FERAC,APIGEN,LUTEOL,KAEMF,QUERCE"
398,1201,10,13,"HESPT,HESPD,DAIDZN,GNSTEIN,EPICATEC"
399,1383,10,13,
400,1603,0,15,
401,1791,10,15,"CHLRAC,FERAC,APIGEN,LUTEOL,KAEMF,QUERCE"
402,1256,10,15,"HESPT,HESPD,DAIDZN,GNSTEIN,EPICATEC"
403,1448,10,15,
404,1344,0,14,
405,1668,10,14,"CHLRAC,FERAC,APIGEN,LUTEOL,KAEMF,QUERCE"
406,1233,10,14,"HESPT,HESPD,DAIDZN,GNSTEIN,EPICATEC"
407,1442,10,14,
408,1612,0,13,
409,1785,10,13,"CHLRAC,FERAC,APIGEN,LUTEOL,KAEMF,QUERCE"
410,1518,10,13,"HESPT,HESPD,DAIDZN,GNSTEIN,EPICATEC"
411,1652,10,13,
412,1381,0,17,
413,1654,10,17,"CHLRAC,FERAC,APIGEN,LUTEOL,KAEMF,QUERCE"
414,1267,10,17,"HESPT,HESPD,DAIDZN,GNSTEIN,EPICATEC"
415,1436,10,17,
416,1321,0,16,
417,1512,10,16,"CHLRAC,FERAC,APIGEN,LUTEOL,KAEMF,QUERCE"
418,1169,10,16,"HESPT,HESPD,DAIDZN,GNSTEIN,EPICATEC"
419,1298,10,16,
420,1425,0,5,
421,1516,8,5,"CHLRAC,FERAC,APIGEN,LUTEOL,KAEMF,QUERCE"
422,1123,8,5,"HESPT,HESPD,DAIDZN,GNSTEIN,EPICATEC"
423,1333,8,5,
424,1523,0,0,
425,1779,10,0,"CHLRAC,FERAC,APIGEN,LUTEOL,KAEMF,QUERCE"
426,1254,10,0,"HESPT,HESPD,DAIDZN,GNSTEIN,EPICATEC"
427,1333,10,0,
428,1488,0,10,
429,1452,9,10,"CHLRAC,FERAC,APIGEN,LUTEOL,KAEMF,QUERCE"
430,1140,9,10,"HESPT,HESPD,DAIDZN,GNSTEIN,EPICATEC"
431,1344,9,10,
432,1177,0,15,
433,1245,8,15,"CHLRAC,FERAC,APIGEN,LUTEOL,KAEMF,QUERCE"
434,1010,8,15,"HESPT,HESPD,DAIDZN,GNSTEIN,EPICATEC"
435,1111,8,15,
436,405,0,6,
437,473,3,6,"CHLRAC,FERAC,APIGEN,LUTEOL,KAEMF,QUERCE"
438,388,3,6,"HESPT,HESPD,DAIDZN,GNSTEIN,EPICATEC"
439,436,3,6,
442,1895,0,14,"RAFS,STAS,VERS,CAMT,STGSTR,PHYTAC"
443,2114,0,9,"RAFS,STAS,VERS,CAMT,STGSTR,PHYTAC"
444,2202,0,14,"RAFS,STAS,VERS,CAMT,STGSTR,PHYTAC"
445,1950,0,7,"RAFS,STAS,VERS,CAMT,STGSTR,PHYTAC"
446,1787,0,8,"RAFS,STAS,VERS,CAMT,STGSTR,PHYTAC"
447,1761,0,16,"RAFS,STAS,VERS,CAMT,STGSTR,PHYTAC"
448,1933,0,12,"RAFS,STAS,VERS,CAMT,STGSTR,PHYTAC"
449,2014,0,10,"RAFS,STAS,VERS,CAMT,STGSTR,PHYTAC"
450,1771,0,6,"RAFS,STAS,VERS,CAMT,STGSTR,PHYTAC"
451,1833,0,9,"RAFS,STAS,VERS,CAMT,STGSTR,PHYTAC"
452,1730,0,6,"RAFS,STAS,VERS,CAMT,STGSTR,PHYTAC"
453,1730,0,15,"RAFS,STAS,VERS,CAMT,STGSTR,PHYTAC"
454,1675,0,8,"RAFS,STAS,VERS,CAMT,STGSTR,PHYTAC"
455,1871,0,3,"RAFS,STAS,VERS,CAMT,STGSTR,PHYTAC"
456,2095,0,0,"RAFS,STAS,VERS,CAMT,STGSTR,PHYTAC"
457,2105,0,5,"RAFS,STAS,VERS,CAMT,STGSTR,PHYTAC"
458,1350,0,5,"RAFS,STAS,VERS,CAMT,STGSTR,PHYTAC"
459,373,0,4,"RAFS,STAS,VERS,CAMT,STGSTR,PHYTAC"
462,1450,0,14,"F4D0,F6D0,F8D0,F10D0,F12D0,F14D0,F16D0,F18D0,F20D0,F22D0,F24D0"
463,1848,7,14,"F14D1,F16D1C,F18D1TN9,F18D1CN9,F20D1N9F,F22D1N9,F18D2CN6,F18D3N3,FASAT,FAMS,FAPU"
540,1327,0,0,
541,2208,0,0,
542,2348,0,0,
543,2292,0,0,
544,2302,0,0,
545,2596,0,0,
546,2238,0,0,
547,2532,0,0,
548,2293,0,0,
549,2554,0,0,
550,2313,0,0,
551,2157,0,0,
552,2177,0,0,
553,2095,0,0,
554,2188,0,0,
555,2162,0,0,
556,2310,0,0,
557,2348,0,0,
558,2200,0,0,
559,2291,0,0,
560,2241,0,0,
561,2331,0,0,
562,2223,0,0,
563,2311,0,0,
564,2500,0,0,
565,2312,0,0,
566,2381,0,0,
567,2213,0,0,
568,2364,0,0,
569,2364,0,0,
570,2301,0,0,
571,2132,0,0,
572,2141,0,0,
